Product URL,Description,ASIN,Product Description,Manufacturer
https://www.amazon.in/s?k=bags&crid=2M096C61O4MLT&qid=1653308124&sprefix=ba%2Caps%2C283&ref=sr_pg_1/Wesley-Milestone-Waterproof-Backpack-Business/dp/B084JGJ8PF/ref=ice_ac_b_dpb,,,,
https://www.amazon.in/s?k=bags&crid=2M096C61O4MLT&qid=1653308124&sprefix=ba%2Caps%2C283&ref=sr_pg_1/American-Tourister-AMT-SCH-02/dp/B07CJCGM1M,,,,
https://www.amazon.in/s?k=bags&crid=2M096C61O4MLT&qid=1653308124&sprefix=ba%2Caps%2C283&ref=sr_pg_1/Skybags-Brat-Black-Casual-Backpack/dp/B08Z1HHHTD,,,,
https://www.amazon.in/s?k=bags&crid=2M096C61O4MLT&qid=1653308124&sprefix=ba%2Caps%2C283&ref=sr_pg_1/American-Tourister-BACKPACK-COMPARTMENT-ORGANIZER/dp/B0BTD4FK9G,,,,
https://www.amazon.in/s?k=bags&crid=2M096C61O4MLT&qid=1653308124&sprefix=ba%2Caps%2C283&ref=sr_pg_1/Number-Backpack-Compartment-Charging-Organizer/dp/B09VTDMRY7,,,,
https://www.amazon.in/s?k=bags&crid=2M096C61O4MLT&qid=1653308124&sprefix=ba%2Caps%2C283&ref=sr_pg_1/ADISA-Laptop-Backpack-Office-College/dp/B09TPX22NF,,,,
https://www.amazon.in/s?k=bags&crid=2M096C61O4MLT&qid=1653308124&sprefix=ba%2Caps%2C283&ref=sr_pg_1/Number-Backpack-Compartment-Charging-Organizer/dp/B09VTCNN75,,,,
https://www.amazon.in/s?k=bags&crid=2M096C61O4MLT&qid=1653308124&sprefix=ba%2Caps%2C283&ref=sr_pg_1/gp/bestsellers/computers/1375464031/ref=sr_bs_7_1375464031_1,,,,
https://www.amazon.in/s?k=bags&crid=2M096C61O4MLT&qid=1653308124&sprefix=ba%2Caps%2C283&ref=sr_pg_1/gp/bestsellers/luggage/2917444031/ref=sr_bs_8_2917444031_1,,,,
https://www.amazon.in/s?k=bags&crid=2M096C61O4MLT&qid=1653308124&sprefix=ba%2Caps%2C283&ref=sr_pg_1/American-Tourister-BACKPACK-COMPARTMENT-ORGANIZER/dp/B0BTD4S4XF,,,,
https://www.amazon.in/s?k=bags&crid=2M096C61O4MLT&qid=1653308124&sprefix=ba%2Caps%2C283&ref=sr_pg_1/Half-Moon-Resistant-Backpack-Compartment/dp/B0BJ32LQ6X,,,,
https://www.amazon.in/s?k=bags&crid=2M096C61O4MLT&qid=1653308124&sprefix=ba%2Caps%2C283&ref=sr_pg_1/FUR-JADEN-Leatherette-Polypropylene-DUFF05/dp/B07M9BRCQ5,,,,
https://www.amazon.in/s?k=bags&crid=2M096C61O4MLT&qid=1653308124&sprefix=ba%2Caps%2C283&ref=sr_pg_1/TRUE-HUMAN-Anti-Theft-backpack-charging/dp/B09QJ7ZF2Y,,,,
https://www.amazon.in/s?k=bags&crid=2M096C61O4MLT&qid=1653308124&sprefix=ba%2Caps%2C283&ref=sr_pg_1/Safari-45L-21-OB-BLK/dp/B07BZ5VC4H,,,,
https://www.amazon.in/s?k=bags&crid=2M096C61O4MLT&qid=1653308124&sprefix=ba%2Caps%2C283&ref=sr_pg_1/Wesley-Spartan-Hiking-Raincover-Organiser/dp/B098QFF5TJ,,,,
https://www.amazon.in/s?k=bags&crid=2M096C61O4MLT&qid=1653308124&sprefix=ba%2Caps%2C283&ref=sr_pg_1/Lunars-Bingo-Laptop-Resistant-48L/dp/B08YZ8FFBZ,,,,
https://www.amazon.in/s?k=bags&crid=2M096C61O4MLT&qid=1653308124&sprefix=ba%2Caps%2C283&ref=sr_pg_1/Wesley-Milestone-Waterproof-Backpack-Business/dp/B084JGJ8PF/ref=ice_ac_b_dpb,,,,
https://www.amazon.in/s?k=bags&crid=2M096C61O4MLT&qid=1653308124&sprefix=ba%2Caps%2C283&ref=sr_pg_1/American-Tourister-AMT-SCH-02/dp/B07CJCGM1M,,,,
https://www.amazon.in/s?k=bags&crid=2M096C61O4MLT&qid=1653308124&sprefix=ba%2Caps%2C283&ref=sr_pg_1/Skybags-Brat-Black-Casual-Backpack/dp/B08Z1HHHTD,,,,
https://www.amazon.in/s?k=bags&crid=2M096C61O4MLT&qid=1653308124&sprefix=ba%2Caps%2C283&ref=sr_pg_1/American-Tourister-BACKPACK-COMPARTMENT-ORGANIZER/dp/B0BTD4FK9G,,,,
https://www.amazon.in/s?k=bags&crid=2M096C61O4MLT&qid=1653308124&sprefix=ba%2Caps%2C283&ref=sr_pg_1/Number-Backpack-Compartment-Charging-Organizer/dp/B09VTDMRY7,,,,
https://www.amazon.in/s?k=bags&crid=2M096C61O4MLT&qid=1653308124&sprefix=ba%2Caps%2C283&ref=sr_pg_1/ADISA-Laptop-Backpack-Office-College/dp/B09TPX22NF,,,,
https://www.amazon.in/s?k=bags&crid=2M096C61O4MLT&qid=1653308124&sprefix=ba%2Caps%2C283&ref=sr_pg_1/Number-Backpack-Compartment-Charging-Organizer/dp/B09VTCNN75,,,,
https://www.amazon.in/s?k=bags&crid=2M096C61O4MLT&qid=1653308124&sprefix=ba%2Caps%2C283&ref=sr_pg_1/gp/bestsellers/computers/1375464031/ref=sr_bs_7_1375464031_1,,,,
https://www.amazon.in/s?k=bags&crid=2M096C61O4MLT&qid=1653308124&sprefix=ba%2Caps%2C283&ref=sr_pg_1/gp/bestsellers/luggage/2917444031/ref=sr_bs_8_2917444031_1,,,,
https://www.amazon.in/s?k=bags&crid=2M096C61O4MLT&qid=1653308124&sprefix=ba%2Caps%2C283&ref=sr_pg_1/American-Tourister-BACKPACK-COMPARTMENT-ORGANIZER/dp/B0BTD4S4XF,,,,
https://www.amazon.in/s?k=bags&crid=2M096C61O4MLT&qid=1653308124&sprefix=ba%2Caps%2C283&ref=sr_pg_1/Half-Moon-Resistant-Backpack-Compartment/dp/B0BJ32LQ6X,,,,
https://www.amazon.in/s?k=bags&crid=2M096C61O4MLT&qid=1653308124&sprefix=ba%2Caps%2C283&ref=sr_pg_1/FUR-JADEN-Leatherette-Polypropylene-DUFF05/dp/B07M9BRCQ5,,,,
https://www.amazon.in/s?k=bags&crid=2M096C61O4MLT&qid=1653308124&sprefix=ba%2Caps%2C283&ref=sr_pg_1/TRUE-HUMAN-Anti-Theft-backpack-charging/dp/B09QJ7ZF2Y,,,,
https://www.amazon.in/s?k=bags&crid=2M096C61O4MLT&qid=1653308124&sprefix=ba%2Caps%2C283&ref=sr_pg_1/Safari-45L-21-OB-BLK/dp/B07BZ5VC4H,,,,
https://www.amazon.in/s?k=bags&crid=2M096C61O4MLT&qid=1653308124&sprefix=ba%2Caps%2C283&ref=sr_pg_1/Wesley-Spartan-Hiking-Raincover-Organiser/dp/B098QFF5TJ,,,,
https://www.amazon.in/s?k=bags&crid=2M096C61O4MLT&qid=1653308124&sprefix=ba%2Caps%2C283&ref=sr_pg_1/Lunars-Bingo-Laptop-Resistant-48L/dp/B08YZ8FFBZ,,,,
https://www.amazon.in/s?k=bags&crid=2M096C61O4MLT&qid=1653308124&sprefix=ba%2Caps%2C283&ref=sr_pg_1/Wesley-Milestone-Waterproof-Backpack-Business/dp/B084JGJ8PF/ref=ice_ac_b_dpb,,,,
https://www.amazon.in/s?k=bags&crid=2M096C61O4MLT&qid=1653308124&sprefix=ba%2Caps%2C283&ref=sr_pg_1/American-Tourister-AMT-SCH-02/dp/B07CJCGM1M,,,,
https://www.amazon.in/s?k=bags&crid=2M096C61O4MLT&qid=1653308124&sprefix=ba%2Caps%2C283&ref=sr_pg_1/Skybags-Brat-Black-Casual-Backpack/dp/B08Z1HHHTD,,,,
https://www.amazon.in/s?k=bags&crid=2M096C61O4MLT&qid=1653308124&sprefix=ba%2Caps%2C283&ref=sr_pg_1/American-Tourister-BACKPACK-COMPARTMENT-ORGANIZER/dp/B0BTD4FK9G,,,,
https://www.amazon.in/s?k=bags&crid=2M096C61O4MLT&qid=1653308124&sprefix=ba%2Caps%2C283&ref=sr_pg_1/Number-Backpack-Compartment-Charging-Organizer/dp/B09VTDMRY7,,,,
https://www.amazon.in/s?k=bags&crid=2M096C61O4MLT&qid=1653308124&sprefix=ba%2Caps%2C283&ref=sr_pg_1/ADISA-Laptop-Backpack-Office-College/dp/B09TPX22NF,,,,
https://www.amazon.in/s?k=bags&crid=2M096C61O4MLT&qid=1653308124&sprefix=ba%2Caps%2C283&ref=sr_pg_1/Number-Backpack-Compartment-Charging-Organizer/dp/B09VTCNN75,,,,
https://www.amazon.in/s?k=bags&crid=2M096C61O4MLT&qid=1653308124&sprefix=ba%2Caps%2C283&ref=sr_pg_1/gp/bestsellers/computers/1375464031/ref=sr_bs_7_1375464031_1,,,,
https://www.amazon.in/s?k=bags&crid=2M096C61O4MLT&qid=1653308124&sprefix=ba%2Caps%2C283&ref=sr_pg_1/gp/bestsellers/luggage/2917444031/ref=sr_bs_8_2917444031_1,,,,
https://www.amazon.in/s?k=bags&crid=2M096C61O4MLT&qid=1653308124&sprefix=ba%2Caps%2C283&ref=sr_pg_1/American-Tourister-BACKPACK-COMPARTMENT-ORGANIZER/dp/B0BTD4S4XF,,,,
https://www.amazon.in/s?k=bags&crid=2M096C61O4MLT&qid=1653308124&sprefix=ba%2Caps%2C283&ref=sr_pg_1/Half-Moon-Resistant-Backpack-Compartment/dp/B0BJ32LQ6X,,,,
https://www.amazon.in/s?k=bags&crid=2M096C61O4MLT&qid=1653308124&sprefix=ba%2Caps%2C283&ref=sr_pg_1/FUR-JADEN-Leatherette-Polypropylene-DUFF05/dp/B07M9BRCQ5,,,,
https://www.amazon.in/s?k=bags&crid=2M096C61O4MLT&qid=1653308124&sprefix=ba%2Caps%2C283&ref=sr_pg_1/TRUE-HUMAN-Anti-Theft-backpack-charging/dp/B09QJ7ZF2Y,,,,
https://www.amazon.in/s?k=bags&crid=2M096C61O4MLT&qid=1653308124&sprefix=ba%2Caps%2C283&ref=sr_pg_1/Safari-45L-21-OB-BLK/dp/B07BZ5VC4H,,,,
https://www.amazon.in/s?k=bags&crid=2M096C61O4MLT&qid=1653308124&sprefix=ba%2Caps%2C283&ref=sr_pg_1/Wesley-Spartan-Hiking-Raincover-Organiser/dp/B098QFF5TJ,,,,
https://www.amazon.in/s?k=bags&crid=2M096C61O4MLT&qid=1653308124&sprefix=ba%2Caps%2C283&ref=sr_pg_1/Lunars-Bingo-Laptop-Resistant-48L/dp/B08YZ8FFBZ,,,,
